User_id,Full_name,Department_id,Designation_id
,Gwenny Ludovici,6,9
,Joelle Rosenkrantz,6,6
,Priscella Chew,2,15
,Ashlee Sidgwick,4,13
,Katee Kiossel,2,9
,Seth Kermon,6,7
,Sydel Kimbrough,6,7
,Lenora Mullaly,6,15
,Tammy Bourges,3,13
,Zebadiah Pennicott,6,7
,Guss Thundercliffe,3,10
,Ernestus Buzine,2,6
,Natalee Durdan,6,10
,Estel Gorries,5,8
,Arlen Haydn,3,14
,Louisa Dawber,4,10
,Warren Kaesmans,5,7
,Elfie Sickling,3,12
,Vittoria Moret,5,12
,Burt Gommowe,6,10
,Diarmid Devonshire,4,8
,Orv Szymon,6,15
,Zebulon Fountain,3,12
,Maible Touret,2,5
,Spence Antoniutti,5,11
,Dulcine Yesson,2,11
,Freda Huddy,6,12
,Deanna Wyburn,5,13
,Raimund Hannah,3,6
,Jodi Farans,2,7
,Muffin Rutter,6,8
,Buck Boothby,4,5
,Kathryn Portigall,4,10
,Pacorro Tarburn,4,12
,Philomena Drewett,4,14
,Lenette Backshell,3,14
,Levi Marshall,3,9
,Lyndell Ritchie,6,11
,Waite Scrivener,2,15
,Cookie Stailey,4,7
,Fredericka Peperell,3,6
,Kelly Wisby,6,15
,Cyrillus Scatchard,3,12
,Ashton Iredale,4,14
,Jolyn Lewsey,2,8
,Currey Howman,3,10
,Goraud Cholomin,5,10
,Nicky Ivanishchev,3,12
,Linnie Gotch,5,6
,Marlow Pochin,3,13
,Matthus Mangon,2,12
,Garik Raikes,2,6
,Kathy Farnell,5,12
,Doralin Delhanty,3,14
,Augustina Boldock,5,9
,Elita Weippert,4,14
,Findlay Walkinshaw,5,10
,Alasteir Rapi,4,15
,Elfrida Bortoluzzi,6,8
,Margalit Mustin,5,12
,Happy Joinsey,3,5
,Pooh Bartlet,2,12
,Pascale Malamore,6,10
,Tibold Ramsey,2,9
,Giffy Miquelet,5,11
,Danell Hardison,6,6
,Dwight Emms,6,9
,Bartram Tinkham,6,15
,Mae Ind,3,12
,Petr Osgar,4,8
,Kamila Williamson,2,15
,Kippy Fazakerley,5,15
,Homer Favey,6,9
,Garrot Ferrucci,3,11
,Juieta Charlewood,5,9
,Emilee Tuckley,3,12
,Lorant Blanchette,2,11
,Marylynne Beany,3,12
,Gunner Lackney,4,5
,Lurline Tippin,2,8
,Virgilio Philipard,4,12
,Chandra Gavigan,6,14
,Marcellina Coatsworth,3,14
,Bunni Barthel,6,14
,Malorie Oldmeadow,6,11
,Emilio Malitrott,2,8
,Konstance Children,3,11
,Ellie Timmis,3,6
,Melinda McLukie,6,14
,Geneva Tingle,3,10
,Theodore Prium,5,14
,Daryn O'Day,2,11
,Livvyy Nutter,3,12
,Lanny Tyre,4,5
,Erskine Shepherdson,4,9
,Aristotle Westmorland,2,6
,Cosme Planke,5,7
,Gerri Malenfant,2,14
,Nicolina Rubenfeld,5,15
,Salome Barnwille,5,10
,Paco Gabriely,6,13
,Cinderella Shuttleworth,3,14
,Guendolen Presshaugh,6,14
,Cammie Reddish,5,5
,Adelaida Rubinshtein,6,15
,Germayne Lougheid,5,8
,Anthony Titford,2,14
,Daria Forrest,3,8
,Amery Golda,5,12
,Anatollo Fazzioli,3,5
,Piper Laverick,6,14
,Anthe Frere,5,6
,Cad Barff,6,13
,Ardeen Isaak,5,13
,Raymund De-Ville,5,11
,Buckie Brindle,6,14
,Ava Collicott,6,8
,Wilbert O'Reagan,5,5
,Alfonso Daouse,3,10
,Nadine Kleeborn,4,15
,Anallese Rime,3,11
,Delora Unthank,2,11
,Salvador Loddon,2,8
,Lesli Penhalurick,5,6
,Cheryl Hinder,6,15
,Ev Cowderoy,4,11
,Juditha Dudson,4,11
,Ignacius Carlet,4,13
,Cecilla Carlton,3,10
,Steve Trulock,6,10
,Antons Barson,6,6
,Anet Peyes,2,14
,Sophie Cuskery,3,9
,Frants Philippeaux,4,11
,Jammie Kohlert,2,10
,Jen Atrill,5,8
,Liane Filipiak,2,14
,Wally Beechcraft,2,13
,Garrick Felix,6,5
,Colin Popescu,6,8
,Lian Sowte,4,5
,Lazar MacIntosh,4,13
,Mariele Mc Comb,4,6
,Auroora Bartrap,3,9
,Elinore Willingale,6,14
,Sloan Deetlefs,6,7
,Kenton Mardle,6,9
,Kaitlynn Petley,3,9
,Melony Privett,4,6
,Bernadette Feore,4,6
,Larine Fishleigh,4,7
,Bella Fawlo,3,11
,Lucian Geyton,6,11
,Goldina Aukland,3,10
,Gina Tadgell,3,6
,Madonna Dachs,6,14
,Siobhan Rosoni,5,6
,Karly Perren,3,6
,Fanny Gemlbett,3,12
,Jenine Caldicot,3,10
,Cherrita Fonquernie,2,7
,Chery Fortesquieu,5,12
,Herold Bowlands,3,9
,Idelle Bidnall,5,11
,Demeter Snook,6,13
,Brunhilda Grieveson,6,9
,Yolanthe Halladay,5,10
,Hyacinthia Spriggs,2,10
,Concordia Agnolo,3,5
,Fran Crafts,3,5
,Simone Turfin,4,9
,Oralle Camacke,6,5
,Tiena de Juares,3,14
,Ashlie Zoanetti,5,8
,Ced Biner,5,6
,Wenonah O'Connolly,6,6
,Orazio Tremberth,2,15
,Rhiamon Scowen,6,6
,Rolf Fife,6,10
,Robby Arnoldi,2,14
,Viola Rubanenko,4,9
,Yolanthe Parfitt,3,13
,Kellia Treagus,4,9
,Ladonna Simpkiss,2,15
,Reeva Buckwell,4,15
,Modestine Phippin,2,11
,Arri Vakhrushev,2,10
,Verile Piatek,6,13
,Tadeas Tilburn,4,10
,Kalindi Brechin,3,6
,Boyce Heamus,6,15
,Beverlie Barsham,2,7
,Kane Simkin,4,10
,Miguelita Cleator,5,8
,Marven Breed,6,5
,Laureen Carous,6,14
,Fredericka Gooderson,5,15
,Lissi Robertsen,6,9
,Karina Briddle,4,5
,Bjorn Manon,2,14
,Lyndell Luker,6,5
,Lew McFadden,6,10
,Adena Cinderey,2,6
,Peirce Matovic,3,12
,La verne Tuppeny,6,7
,Jarred Gedling,5,7
,Charis Mablestone,2,13
,Phylys Blakeman,4,9
,Dorella Jeandot,4,11
,Marya Andreia,6,7
,Samara Paddeley,2,7
,Kamillah Rhucroft,3,14
,Zaneta Selley,4,14
,Bel Deave,3,12
,Boigie Pascow,4,15
,Kimbell Trulock,2,13
,Stephanie Biffin,6,13
,Orren Capron,6,15
,Gabriello Castanyer,6,9
,Nelson Renshall,6,12
,Jacquelynn Dionisetto,6,10
,Bunny Hansberry,5,13
,Ardys Lanfranconi,4,9
,Gaven Minillo,3,13
,Celinda Hebard,2,11
,Kalila Bartolomeo,2,7
,Stormi Wagner,3,6
,Cosimo Kennington,6,6
,Lola Moore,6,8
,Florry Hallam,4,10
,Urbano Stirrup,4,7
,Inness O'Gavin,6,13
,Natal Neale,5,9
,Willi Pledge,4,11
,Christi Oleszczak,5,9
,Barbey Pidwell,3,11
,L;urette Tomicki,4,10
,Corine McDougle,4,5
,Johnnie Hallybone,6,5
,Reena Ruggieri,6,13
,Bucky MacIlhargy,3,11
,Pauly McCoveney,2,10
,Shalne Jancso,5,13
,Gerick Sarfatti,3,15
,Janaye Ricardon,4,6
,Letty Lain,2,7
,Fara Henstone,6,8
,Kayle Gregori,6,13
,Michelina Marchand,6,15
,Dru Dameisele,5,15
,Marrissa Seamen,4,15
,Gabriela Issacof,2,5
,Dud Cargen,5,6
,Rosalind Goodliffe,4,5
,Van Service,3,5
,Elmore Kelway,2,9
,Antonia Gianullo,2,15
,Ramsay Kocher,5,15
,Dahlia Crosthwaite,3,15
,Marthena Pawelczyk,6,14
,Lawry Robbey,5,15
,Patty Vassman,2,10
,Porty Barme,4,5
,Nickie Shotton,5,9
,Dulci Vidgen,5,7
,Cherie Velti,2,10
,Merna Elverstone,4,12
,Daniele Jankovsky,4,7
,Sadye Ethington,6,10
,Jermain Yallowley,3,8
,Yasmeen Lerwell,2,15
,Vinni Twinberrow,2,6
,Hector Rapkins,2,10
,Astrid Rao,4,5
,Merwin Pyatt,5,5
,Ruddie Brickwood,4,13
,Keefe Bulle,6,10
,Guillermo Bernolet,3,8
,Ganny Wedderburn,2,10
,Pepi Biaggioni,3,7
,Brock Artinstall,2,5
,Evelyn Pumphreys,3,7
,Elizabeth Fowlestone,2,13
,Abby Coulthard,2,13
,Jenny Godehard.sf,4,13
,Noni Gilding,4,14
,Dall Mantz,6,12
,Currie Blowen,6,12
,Johannes Harburtson,4,11
,Archaimbaud Twydell,4,13
,Farly Pechet,3,8
,Fionnula Elsmere,5,13
,Eldredge Lindbergh,2,6
,Redd Akam,6,10
,Caralie Maplestone,5,14
,Frances Mertin,6,15
,Teresina Quinton,6,14
,Gerladina Roloff,5,7
,Marsha McIlharga,5,7
,Clevey Bingell,3,12
,Lucie Setchell,6,13
,Boris Swash,4,6
,Orland Blackwell,2,8
,Anallese Brakewell,3,9
,Kate Tire,6,6
,Boycey Crosdill,5,14
,Hall Schruur,6,15
,Robbin Charity,2,9
,Silvanus Haugg,5,8
,Valli Bowskill,5,13
,Kalli Piddlesden,4,11
,Beverlie Slessar,3,13
,Olia Calvey,5,12
,Ignatius Tomczykowski,3,7
,Jaymie Cramb,4,5
,Elonore Twiggins,3,11
,Lanie Maplestone,3,6
,Cully Tomaselli,5,14
,Eberhard Burburough,6,6
,Julietta Wardrop,2,5
,Sara-ann Mustchin,3,7
,Alexandra Sharram,5,6
,Ferris Gullefant,3,10
,Leisha Guinnane,6,10
,Kaitlynn Eckersall,4,8
,Carilyn Savory,4,12
,Randolf Chad,6,14
,Philly Boler,4,7
,Leanor Alexandersen,4,11
,Tricia Eggers,6,10
,Brandice Scarbarrow,3,9
,Nissy Lorey,4,9
,Bernardina Stainton,6,14
,Hartwell Tytler,2,13
,Budd Gook,4,15
,Kellen Isacq,5,9
,Lorinda Garaghan,5,14
,Maynord Fountaine,5,5
,Angelique Jerdein,6,8
,Jessey Mantle,2,9
,Woodrow Pinck,3,6
,Rora McKeney,3,7
,Kissie Proppers,6,5
,Iain Candie,6,12
,Beau Riley,6,7
,Laird Alflat,2,14
,Kayne Ewols,4,14
,Alethea Sakins,2,10
,Carmelle Boyington,5,10
,Dominique Bernier,6,6
,Rena Sibthorp,2,7
,Ward Koles,2,13
,Poul MacNeilley,6,5
,Jobey Edensor,2,13
,Martie Bloomer,4,15
,Larine Feaks,6,8
,Codi Nurdin,2,8
,Doro Leidecker,4,15
,Nicolina Von Oertzen,6,6
,Merrili Fowgies,2,15
,Marena Brownstein,3,13
,Kariotta Moreno,2,15
,Joell Pahler,6,5
,Marcel Chillingworth,6,15
,Bronson Mould,4,8
,Barbi Steger,2,8
,Ortensia Bengefield,4,5
,Blair Amorine,4,6
,Ignaz Isenor,3,8
,Keelia Stump,3,15
,Ebba Guerriero,5,15
,Robbert Scadding,2,14
,Evelyn Corbin,3,6
,Rodie Thonason,4,12
,Corabel Thumnel,5,7
,Sianna Koppeck,6,6
,Loralie Trengrove,5,6
,Dulci Gerb,3,7
,Briana Wilmore,5,15
,Enoch Andriesse,2,5
,Vannie Leyzell,2,6
,Morten Poston,4,10
,Carolus Aisman,2,8
,Maxy Caulkett,6,9
,Demetris Simonelli,5,8
,Egor Baggaley,5,7
,Crissy St Clair,4,15
,Lizabeth Farrent,4,11
,Esra Milner,5,13
,Gorden Leipnik,6,6
,Olvan Wiltsher,2,11
,Queenie Widmore,6,5
,Channa Druitt,5,7
,Erica Kochs,3,7
,Beulah Iacobacci,3,8
,Beatriz De Mattia,6,15
,Stafani Vickar,6,15
,Gerhardt Stock,4,8
,Danice Philippon,3,9
,Lurlene Tuftin,2,12
,Olive Sleep,2,14
,Joycelin Inglesent,6,11
,Ardisj Brizell,4,11
,Aleen Stonebridge,2,10
,Agnesse Beals,2,10
,Shaina Stork,3,13
,Janelle Eayres,5,6
,Antonella Milam,2,13
,Gaven Draysey,5,9
,Juliana Kennermann,5,8
,Ase Eyers,6,14
,Odella Langstaff,3,6
,Corabelle Joannic,6,13
,Seymour Paik,3,12
,Frannie Maccrae,3,10
,Charyl Waycott,4,9
,Kaitlyn Meltetal,2,6
,Roxine Mc Harg,2,5
,Darsie Stothard,2,15
,Marketa Pearlman,6,11
,Kenyon Peile,3,14
,Trent Urrey,3,15
,Edgard Glanz,4,7
,Tamar Prewer,6,6
,Thaddus Edger,6,13
,Artemas Petkov,4,12
,Constanta Muttitt,3,13
,Lilly Jellis,6,12
,Carmon Slimme,6,12
,Care Ginnety,5,9
,Lian Drewry,3,11
,Cristiano Quakley,6,11
,Zelda Peter,3,9
,Hewie Halburton,6,8
,Annemarie Garett,5,8
,Keely Gallie,5,14
,Anya Elcoat,4,9
,Davidde Tomson,5,14
,Randie Cliss,2,11
,Agosto Scoone,3,14
,Jard Vell,4,12
,Mercedes Austin,3,8
,Mari Lympenie,3,13
,Henrietta Brignall,2,15
,Aile Neilus,4,11
,Tersina Andrei,3,13
,Marta Hurdedge,5,7
,Raeann MacKnight,5,11
,Celinda Higbin,2,6
,Elke Clendennen,6,10
,Linell Gonnel,5,9
,Delphinia Verzey,2,10
,Clyde Lambotin,5,7
,Marget Stembridge,4,15
,Larissa Stiff,6,13
,Winfield de Werk,4,7
,Jillene Lohmeyer,5,7
,Ruy Bartot,3,5
,Cathrine Jery,6,6
,Tammie Gowen,4,12
,Carleton Passion,3,13
,Pammi Kettoe,4,5
,Jordan Norcutt,6,9
,Blinny Golledge,6,5
,Salvidor Maddie,4,14
,Uriah Thirlwall,6,12
,Brnaby Lewsy,6,10
,Abbey Cassar,4,5
,Moria Laidlaw,2,8
,Mabel Coale,6,13
,Bartel Sutherley,2,12
,Di Kermitt,6,15
,Iorgo Ricciardiello,3,14
,Laurella Dudbridge,4,12
,Elfrieda Kinane,3,7
,Derward Ditzel,5,6
,Brett Joontjes,3,14
,Kalil Ciccoloi,6,15
,Tisha Binestead,4,7
,Samson Eadmeades,4,14
,Eugenio Mc Combe,4,8
,Dominik Baglin,5,11
,Wynn Cardozo,4,11
,Zeke de Juares,4,7
,Donaugh Gittus,5,6
,Cloris Brogioni,5,9
,Flinn McCard,3,15
,Clarissa Shutte,2,7
,Haze Yarnton,2,6
,Ekaterina Portt,5,5
,Arvie Masse,4,14
,Demetra Duffie,6,6
,Brana Camplen,6,7
,Mandy Treversh,3,6
,Dian Vanichkov,3,8
,Stefa Bendixen,4,13
,Packston Glasgow,2,11
,Ola Stronack,6,8
,Nowell Lowmass,5,5
,Eve Thunderman,6,9
,Zea Maudson,5,5
,Brad Shepherdson,4,7
,Rhona Roggerone,5,14
,Tamas Learie,2,8
,Ann-marie Plail,2,13
,Ileane Bergstrand,3,6
,Faye Chasson,5,11
,Berton Silverthorn,3,6
,Barr Waight,6,14
,Valry Purviss,3,14
,Martita Jezzard,3,5
,Egon Olenchenko,3,15
,Leland McGuigan,5,13
,Betsy Jeffray,3,7
,Delmore Kinastan,4,12
,Gale Cowmeadow,4,9
,Rozanne Simonin,6,9
,Samaria Hankey,5,10
,Quent Reede,2,6
,Neille Bollum,4,10
,Faina Cavil,3,15
,Morena Domeney,5,6
,Kaylee Hardcastle,2,5
,Trude Loadwick,3,9
,Orelee Maasz,6,14
,Annalee Tierny,5,15
,Randi Shellard,6,5
,Natalya Burgott,2,5
,Carling Coaten,5,11
,Bernardina Scholler,4,7
,Dinah Vel,4,15
,Denys Woodson,5,13
,Gusty Nuzzi,3,8
,Lesly Haye,5,10
,Tova Cockerill,4,11
,Ozzie Rentilll,6,10
,Heath Burnett,5,14
,Ty Orbon,5,13
,Lydia Geaveny,2,8
,Klaus Syncke,3,15
,Laraine Blanch,3,14
,Enrichetta Reihill,2,8
,Vernor Sore,6,12
,Ada Burbank,6,14
,Olympia Kilkenny,4,9
,Sarajane Hearl,6,7
,Corissa Wolstenholme,5,12
,Sharl Handy,6,8
,Darren Kerins,5,8
,Jeannette Nutbean,4,7
,Emeline Cunniff,3,10
,Hube Rois,4,10
,Tiena MacConneely,3,11
,Nady Oxtoby,2,11
,Garvy Schellig,3,14
,Seamus Kewzick,6,12
,Teri Dickons,5,14
,Margalo Kynoch,2,5
,Evita Philippou,3,10
,Nada Degg,6,13
,Ronni Marquis,6,8
,Farica Gossington,4,9
,Wesley Gerrets,2,7
,Anne-corinne Guiness,4,6
,Elise Dowzell,4,5
,Bamby Kissell,4,12
,Reuven Stoggell,4,10
,Kevin Probat,3,13
,Keene Bompas,6,8
,Arturo MacAless,2,5
,Forester McEllen,6,12
,Crista Tanslie,4,8
,Gloria Rosengarten,4,13
,Gibbie Camplen,3,13
,Coreen Dewire,2,11
,Briny Still,6,8
,Teri Laffan,2,13
,Brose Valois,3,15
,Lily Domnin,3,10
,Traci Aubin,3,15
,Alwin Pulfer,4,15
,Candide Rahill,6,15
,Flossi Hannen,6,7
,Flinn Rannells,4,10
,Margaux Trowbridge,6,13
,Nina Silmon,5,7
,Joye Giddens,6,8
,Bekki Ciobotaru,4,15
,Yulma Miroy,3,15
,Spenser Ivachyov,3,13
,Dorri Dallas,2,12
,Sapphire Tenny,3,15
,Sheelagh Tidbold,2,7
,Brenda Dubble,6,11
,Netta Lochrie,3,8
,Hort Coad,6,9
,Krystal Vaisey,2,12
,Buffy Swancott,4,10
,Cesar Dockery,2,9
,Neille Althrope,3,15
,Ezequiel Vasquez,4,10
,Eve Abbiss,5,7
,Dari Rudwell,2,6
,Jeddy Trice,2,8
,Wallie Goldring,4,15
,Aluin De Vaux,2,7
,Lulu Glyssanne,3,7
,Val Padwick,5,12
,Godfrey Edghinn,5,14
,Clovis Yakutin,5,14
,Charmane Gatward,5,5
,Nathan Flounders,3,12
,Curtice Sowood,3,9
,Juliann Henric,5,9
,Gabriel Blakeney,5,13
,Graehme Heavyside,3,8
,Celestina Coulton,5,14
,Sarita Christmas,5,10
,Evelyn Paylor,2,9
,Tabbi Geering,2,12
,Matti Beaty,3,7
,Shawn Charlot,5,12
,Michaela Attenbrough,4,6
,Tybi Cumberbatch,3,13
,Nedda Bulle,2,7
,Rabi Wealleans,6,11
,Guglielma Crumbie,2,5
,Sascha Matchett,2,10
,Janeva Muggeridge,3,5
,Saunders Goodliff,3,12
,Matelda Gowenlock,6,13
,Cora Philippsohn,2,7
,Karmen McLurg,6,8
,Suzi Catlette,5,10
,Damara Link,5,11
,Tailor Beernaert,2,13
,Deana Giraldon,2,8
,Sanford Spiers,5,15
,Duncan Jarley,5,6
,Rasia Musprat,3,8
,Gussie Cabera,3,13
,Isabelle Skypp,2,11
,Tanny Doche,5,7
,Ava De Meis,2,7
,Alisa Lope,4,7
,Conn Smiz,2,12
,Louie Horburgh,6,5
,Lanny Massy,5,10
,Clovis Vaudre,6,6
,Tierney Flipsen,6,8
,Roseline Judgkins,5,9
,Kiri Calliss,6,11
,Pip Dunklee,6,15
,Tobias Renzini,6,7
,Pepi Burrows,2,15
,Lyell McCallister,4,8
,Lucila Marie,3,15
,Giffy Boulder,6,14
,Kelcie Duer,4,15
,Glyn Oats,6,10
,Renault Endersby,4,12
,Trula Stealfox,4,5
,Eduardo De La Haye,4,6
,Saundra Ling,5,8
,Analise Murkitt,2,9
,Carly Franchyonok,6,10
,Mirna Keaveney,5,5
,Anstice O'Halleghane,4,9
,Jasper Soff,5,9
,Pete Cawthra,5,6
,Jennifer Jost,3,6
,Jaimie Tayloe,2,6
,Biddy Reason,3,9
,Sissy Fayter,3,8
,Alexandro Lampl,6,6
,Marci Ambrogi,2,8
,Laurice Jeyness,5,5
,Mirella Cossam,4,8
,Leeann Boggis,6,6
,Baily Stirrup,4,11
,Reamonn Stanway,5,15
,Sully Bainton,6,5
,Morse Canto,2,14
,Johanna Potzold,2,12
,Shurwood Sket,6,15
,Shena Johnstone,6,9
,Maddi Swalowe,6,6
,Abagael Bartaloni,4,8
,Logan Cowton,4,12
,Martynne Rennles,3,6
,Krishna Ounsworth,5,6
,Claire Simants,4,6
,Nerte Hamnet,4,11
,Jacenta Battlestone,3,12
,Seka Randle,6,12
,Domini Hallitt,3,10
,Antonietta Fairbrace,3,11
,Dannie Ledamun,4,8
,Sandra Dogg,2,13
,Eada Sargison,6,8
